row_id,volcanic_advisory
Albay_2025_11_08,1
Albay_2025_09_24,1
Albay_2025_09_06,1
Albay_2025_07_24,1
Albay_2025_02_21,1
Albay_2024_12_24,1
Albay_2024_12_18,1
Albay_2024_12_01,1
Albay_2024_11_15,1
Albay_2024_10_22,1
Albay_2024_09_01,1
Albay_2024_03_05,1
Albay_2023_12_08,1
Albay_2023_07_21,1
Albay_2023_07_18,1
Albay_2023_07_10,1
Albay_2023_07_05,1
Albay_2023_07_04,1
Albay_2023_06_30,1
Albay_2023_06_26,1
Albay_2023_06_25,1
Albay_2023_06_18,1
Albay_2023_06_10,1
Albay_2023_06_08,1
Albay_2023_06_05,1
Albay_2023_03_16,1
Albay_2022_10_07,1
Albay_2022_08_21,1
Albay_2021_07_30,1
Albay_2021_06_01,1
Albay_2020_11_10,1
Albay_2020_10_30,1
Albay_2020_10_24,1
Albay_2020_07_17,1
Albay_2020_02_05,1
Albay_2018_03_29,1
Albay_2018_03_06,1
Albay_2018_01_27,1
Albay_2018_01_22,1
Albay_2018_01_14,1
Sorsogon_2025_10_12,1
Sorsogon_2025_05_12,1
Sorsogon_2025_04_29,1
Sorsogon_2025_04_28,1
Sorsogon_2025_04_22,1
Sorsogon_2024_11_12,1
Sorsogon_2024_01_28,1
Sorsogon_2024_01_23,1
Sorsogon_2024_01_11,1
Sorsogon_2024_01_02,1
Sorsogon_2023_10_25,1
Sorsogon_2023_10_22,1
Sorsogon_2023_09_21,1
Sorsogon_2023_08_01,1
Sorsogon_2023_06_01,1
Sorsogon_2023_05_22,1
Sorsogon_2023_05_09,1
Sorsogon_2023_01_18,1
Sorsogon_2022_10_12,1
Sorsogon_2022_10_07,1
Sorsogon_2022_08_21,1
Sorsogon_2022_06_29,1
Sorsogon_2022_06_27,1
Sorsogon_2022_06_20,1
Sorsogon_2022_06_12,1
Sorsogon_2022_06_05,1
Sorsogon_2021_08_18,1
Sorsogon_2021_06_12,1
Sorsogon_2021_05_11,1
Sorsogon_2021_05_10,1
Sorsogon_2021_03_18,1
Sorsogon_2020_10_26,1
Sorsogon_2020_07_06,1
Sorsogon_2020_01_25,1
Sorsogon_2019_05_05,1
Sorsogon_2018_08_15,1
Negros Oriental_2025_11_03,1
Negros Oriental_2025_10_25,1
Negros Oriental_2025_10_16,1
Negros Oriental_2025_09_15,1
Negros Oriental_2025_09_14,1
Negros Oriental_2025_08_14,1
Negros Oriental_2025_07_29,1
Negros Oriental_2025_06_06,1
Negros Oriental_2025_05_13,1
Negros Oriental_2025_05_12,1
Negros Oriental_2025_04_08,1
Negros Oriental_2025_02_15,1
Negros Oriental_2025_02_06,1
Negros Oriental_2025_01_11,1
Negros Oriental_2024_12_23,1
Negros Oriental_2024_12_18,1
Negros Oriental_2024_12_10,1
Negros Oriental_2024_12_09,1
Negros Oriental_2024_11_09,1
Negros Oriental_2024_10_31,1
Negros Oriental_2024_10_28,1
Negros Oriental_2024_10_19,1
Negros Oriental_2024_09_11,1
Negros Oriental_2024_09_10,1
Negros Oriental_2024_09_09,1
Negros Oriental_2024_08_25,1
Negros Oriental_2024_08_24,1
Negros Oriental_2024_08_21,1
Negros Oriental_2024_08_13,1
Negros Oriental_2024_08_10,1
Negros Oriental_2024_07_15,1
Negros Oriental_2024_07_13,1
Negros Oriental_2024_07_03,1
Negros Oriental_2024_07_02,1
Negros Oriental_2024_06_28,1
Negros Oriental_2024_06_08,1
Negros Oriental_2024_06_07,1
Negros Oriental_2024_06_05,1
Negros Oriental_2024_06_04,1
Negros Oriental_2024_06_03,1
Negros Oriental_2024_05_26,1
Negros Oriental_2024_04_30,1
Negros Oriental_2023_11_22,1
Negros Oriental_2023_09_06,1
Negros Oriental_2023_07_21,1
Negros Oriental_2023_05_04,1
Negros Oriental_2023_05_01,1
Negros Oriental_2022_07_03,1
Negros Oriental_2020_03_11,1
Negros Oriental_2019_10_25,1
Negros Oriental_2019_01_11,1
Negros Occidental_2025_11_03,1
Negros Occidental_2025_10_25,1
Negros Occidental_2025_10_16,1
Negros Occidental_2025_09_15,1
Negros Occidental_2025_09_14,1
Negros Occidental_2025_08_14,1
Negros Occidental_2025_07_29,1
Negros Occidental_2025_06_06,1
Negros Occidental_2025_05_13,1
Negros Occidental_2025_05_12,1
Negros Occidental_2025_04_08,1
Negros Occidental_2025_02_15,1
Negros Occidental_2025_02_06,1
Negros Occidental_2025_01_11,1
Negros Occidental_2024_12_23,1
Negros Occidental_2024_12_18,1
Negros Occidental_2024_12_10,1
Negros Occidental_2024_12_09,1
Negros Occidental_2024_11_09,1
Negros Occidental_2024_10_31,1
Negros Occidental_2024_10_28,1
Negros Occidental_2024_10_19,1
Negros Occidental_2024_09_11,1
Negros Occidental_2024_09_10,1
Negros Occidental_2024_09_09,1
Negros Occidental_2024_08_25,1
Negros Occidental_2024_08_24,1
Negros Occidental_2024_08_21,1
Negros Occidental_2024_08_13,1
Negros Occidental_2024_08_10,1
Negros Occidental_2024_07_15,1
Negros Occidental_2024_07_13,1
Negros Occidental_2024_07_03,1
Negros Occidental_2024_07_02,1
Negros Occidental_2024_06_28,1
Negros Occidental_2024_06_08,1
Negros Occidental_2024_06_07,1
Negros Occidental_2024_06_05,1
Negros Occidental_2024_06_04,1
Negros Occidental_2024_06_03,1
Negros Occidental_2024_05_26,1
Negros Occidental_2024_04_30,1
Negros Occidental_2023_11_22,1
Negros Occidental_2023_09_06,1
Negros Occidental_2023_07_21,1
Negros Occidental_2023_05_04,1
Negros Occidental_2023_05_01,1
Negros Occidental_2022_07_03,1
Negros Occidental_2020_03_11,1
Negros Occidental_2019_10_25,1
Negros Occidental_2019_01_11,1
Batangas_2025_10_26,1
Batangas_2025_08_10,1
Batangas_2025_07_06,1
Batangas_2025_01_06,1
Batangas_2024_12_16,1
Batangas_2024_12_03,1
Batangas_2024_10_05,1
Batangas_2024_10_02,1
Batangas_2024_10_01,1
Batangas_2024_07_11,1
Batangas_2024_06_29,1
Batangas_2024_06_25,1
Batangas_2024_06_06,1
Batangas_2024_05_16,1
Batangas_2024_05_10,1
Batangas_2024_05_08,1
Batangas_2024_04_20,1
Batangas_2024_04_12,1
Batangas_2024_03_28,1
Batangas_2024_02_29,1
Batangas_2024_02_19,1
Batangas_2023_11_15,1
Batangas_2023_11_13,1
Batangas_2023_11_09,1
Batangas_2023_10_12,1
Batangas_2023_09_21,1
Batangas_2023_09_15,1
Batangas_2023_07_13,1
Batangas_2023_06_07,1
Batangas_2023_06_04,1
Batangas_2023_06_02,1
Batangas_2022_10_21,1
Batangas_2022_09_29,1
Batangas_2022_09_25,1
Batangas_2022_08_12,1
Batangas_2022_08_07,1
Batangas_2022_08_03,1
Batangas_2022_07_11,1
Batangas_2022_04_09,1
Batangas_2022_03_26,1
Batangas_2022_01_29,1
Batangas_2021_11_03,1
Batangas_2021_08_19,1
Batangas_2021_07_23,1
Batangas_2021_07_03,1
Batangas_2021_07_01,1
Batangas_2021_06_30,1
Batangas_2021_06_29,1
Batangas_2021_06_28,1
Batangas_2021_06_12,1
Batangas_2021_05_18,1
Batangas_2021_03_24,1
Batangas_2021_03_09,1
Batangas_2021_02_15,1
Batangas_2020_11_11,1
Batangas_2020_03_19,1
Batangas_2020_02_14,1
Batangas_2020_01_26,1
Batangas_2020_01_12,1
Batangas_2019_12_01,1
Batangas_2019_03_28,1
